FishID,Year,Outcome
0,2014,Natural_Death
1,2014,Natural_Death
2,2014,Recaptured
3,2014,Alive
3,2015,Natural_Death
4,2014,Alive
4,2015,Natural_Death
5,2014,Recaptured
6,2014,Alive
6,2015,Natural_Death
7,2014,Natural_Death
8,2014,Recaptured
9,2014,Natural_Death
10,2014,Alive
10,2015,Natural_Death
11,2014,Natural_Death
12,2014,Alive
12,2015,Natural_Death
13,2014,Recaptured
14,2014,Natural_Death
15,2014,Alive
15,2015,Alive
15,2016,Alive
16,2014,Alive
16,2015,Natural_Death
17,2014,Natural_Death
18,2014,Natural_Death
19,2014,Natural_Death
20,2014,Recaptured
21,2014,Recaptured
22,2014,Natural_Death
23,2014,Natural_Death
24,2014,Alive
24,2015,Alive
24,2016,Alive
25,2014,Natural_Death
26,2014,Alive
26,2015,Natural_Death
27,2014,Natural_Death
28,2014,Recaptured
29,2014,Natural_Death
30,2014,Recaptured
31,2014,Recaptured
32,2014,Natural_Death
33,2014,Natural_Death
34,2014,Alive
34,2015,Natural_Death
35,2014,Natural_Death
36,2014,Natural_Death
37,2014,Recaptured
38,2014,Alive
38,2015,Alive
38,2016,Natural_Death
39,2014,Natural_Death
40,2014,Recaptured
41,2014,Recaptured
42,2014,Natural_Death
43,2014,Natural_Death
44,2014,Natural_Death
45,2014,Natural_Death
46,2014,Natural_Death
47,2014,Recaptured
48,2014,Alive
48,2015,Natural_Death
49,2014,Alive
49,2015,Natural_Death
50,2014,Recaptured
51,2014,Natural_Death
52,2014,Natural_Death
53,2014,Alive
53,2015,Natural_Death
54,2014,Natural_Death
55,2014,Recaptured
56,2014,Natural_Death
57,2014,Recaptured
58,2014,Natural_Death
59,2014,Alive
59,2015,Natural_Death
60,2014,Natural_Death
61,2014,Alive
61,2015,Natural_Death
62,2014,Natural_Death
63,2014,Alive
63,2015,Recaptured
64,2014,Alive
64,2015,Natural_Death
65,2014,Natural_Death
66,2014,Natural_Death
67,2014,Natural_Death
68,2014,Natural_Death
69,2014,Recaptured
70,2014,Natural_Death
71,2014,Alive
71,2015,Natural_Death
72,2014,Natural_Death
73,2014,Alive
73,2015,Natural_Death
74,2014,Recaptured
75,2014,Natural_Death
76,2014,Natural_Death
77,2014,Natural_Death
78,2014,Alive
78,2015,Natural_Death
79,2014,Alive
79,2015,Recaptured
80,2014,Natural_Death
81,2014,Natural_Death
82,2014,Natural_Death
83,2014,Alive
83,2015,Natural_Death
84,2014,Natural_Death
85,2014,Recaptured
86,2014,Recaptured
87,2014,Natural_Death
88,2014,Natural_Death
89,2014,Natural_Death
90,2014,Natural_Death
91,2014,Alive
91,2015,Recaptured
92,2014,Natural_Death
93,2014,Natural_Death
94,2014,Natural_Death
95,2014,Alive
95,2015,Natural_Death
96,2014,Natural_Death
97,2014,Recaptured
98,2014,Natural_Death
99,2014,Alive
99,2015,Natural_Death
100,2014,Natural_Death
101,2014,Natural_Death
102,2014,Alive
102,2015,Natural_Death
103,2014,Natural_Death
104,2014,Recaptured
105,2014,Natural_Death
106,2014,Natural_Death
107,2014,Natural_Death
108,2014,Natural_Death
109,2014,Natural_Death
110,2014,Natural_Death
111,2014,Natural_Death
112,2014,Natural_Death
113,2014,Natural_Death
114,2014,Alive
114,2015,Recaptured
115,2014,Natural_Death
116,2014,Alive
116,2015,Natural_Death
117,2014,Natural_Death
118,2014,Alive
118,2015,Natural_Death
119,2014,Natural_Death
120,2014,Natural_Death
121,2014,Natural_Death
122,2014,Natural_Death
123,2014,Alive
123,2015,Natural_Death
124,2014,Natural_Death
125,2014,Recaptured
126,2014,Natural_Death
127,2014,Natural_Death
128,2014,Natural_Death
129,2014,Natural_Death
130,2014,Natural_Death
131,2014,Alive
131,2015,Recaptured
132,2014,Recaptured
133,2014,Natural_Death
134,2014,Natural_Death
135,2014,Natural_Death
136,2014,Alive
136,2015,Natural_Death
137,2014,Natural_Death
138,2014,Natural_Death
139,2014,Natural_Death
140,2014,Natural_Death
141,2014,Alive
141,2015,Alive
141,2016,Natural_Death
142,2014,Natural_Death
143,2014,Natural_Death
144,2014,Natural_Death
145,2014,Natural_Death
146,2014,Recaptured
147,2014,Recaptured
148,2014,Alive
148,2015,Recaptured
149,2014,Natural_Death
150,2014,Natural_Death
151,2014,Alive
151,2015,Natural_Death
152,2014,Natural_Death
153,2014,Recaptured
154,2014,Natural_Death
155,2014,Natural_Death
156,2014,Natural_Death
157,2014,Alive
157,2015,Natural_Death
158,2014,Natural_Death
159,2014,Alive
159,2015,Natural_Death
160,2014,Alive
160,2015,Natural_Death
161,2014,Natural_Death
162,2014,Alive
162,2015,Natural_Death
163,2014,Natural_Death
164,2014,Recaptured
165,2014,Natural_Death
166,2014,Natural_Death
167,2014,Alive
167,2015,Alive
167,2016,Alive
168,2014,Recaptured
169,2014,Alive
169,2015,Natural_Death
170,2014,Alive
170,2015,Alive
170,2016,Natural_Death
171,2014,Alive
171,2015,Natural_Death
172,2014,Natural_Death
173,2014,Natural_Death
174,2014,Natural_Death
175,2014,Natural_Death
176,2014,Natural_Death
177,2014,Alive
177,2015,Alive
177,2016,Recaptured
178,2014,Alive
178,2015,Natural_Death
179,2014,Natural_Death
180,2014,Alive
180,2015,Alive
180,2016,Alive
181,2014,Alive
181,2015,Natural_Death
182,2014,Alive
182,2015,Natural_Death
183,2014,Natural_Death
184,2014,Natural_Death
185,2014,Natural_Death
186,2014,Recaptured
187,2014,Natural_Death
188,2014,Natural_Death
189,2014,Recaptured
190,2014,Natural_Death
191,2014,Natural_Death
192,2014,Natural_Death
193,2014,Natural_Death
194,2014,Alive
194,2015,Natural_Death
195,2014,Natural_Death
196,2014,Natural_Death
197,2014,Natural_Death
198,2014,Natural_Death
199,2014,Recaptured
200,2014,Natural_Death
201,2014,Natural_Death
202,2014,Natural_Death
203,2014,Natural_Death
204,2014,Natural_Death
205,2014,Natural_Death
206,2014,Alive
206,2015,Natural_Death
207,2014,Natural_Death
208,2014,Natural_Death
209,2014,Natural_Death
210,2014,Natural_Death
211,2014,Natural_Death
212,2014,Alive
212,2015,Natural_Death
213,2014,Alive
213,2015,Natural_Death
214,2014,Natural_Death
215,2014,Natural_Death
216,2014,Natural_Death
217,2014,Recaptured
218,2014,Natural_Death
219,2014,Natural_Death
220,2014,Recaptured
221,2014,Alive
221,2015,Natural_Death
222,2014,Natural_Death
223,2014,Natural_Death
224,2014,Natural_Death
225,2014,Natural_Death
226,2014,Alive
226,2015,Natural_Death
227,2014,Natural_Death
228,2014,Natural_Death
229,2014,Natural_Death
230,2014,Recaptured
231,2014,Recaptured
232,2014,Alive
232,2015,Recaptured
233,2014,Natural_Death
234,2014,Natural_Death
235,2014,Recaptured
236,2014,Recaptured
237,2014,Recaptured
238,2014,Alive
238,2015,Recaptured
239,2014,Natural_Death
240,2014,Alive
240,2015,Natural_Death
241,2014,Natural_Death
242,2014,Recaptured
243,2014,Natural_Death
244,2014,Recaptured
245,2014,Natural_Death
246,2014,Natural_Death
247,2014,Natural_Death
248,2014,Recaptured
249,2014,Natural_Death
250,2014,Natural_Death
251,2014,Alive
251,2015,Natural_Death
252,2014,Recaptured
253,2014,Recaptured
254,2014,Recaptured
255,2014,Alive
255,2015,Natural_Death
256,2014,Natural_Death
257,2014,Alive
257,2015,Natural_Death
258,2014,Natural_Death
259,2014,Recaptured
260,2014,Natural_Death
261,2014,Alive
261,2015,Natural_Death
262,2014,Recaptured
263,2014,Recaptured
264,2014,Recaptured
265,2014,Alive
265,2015,Alive
265,2016,Alive
266,2014,Recaptured
267,2014,Natural_Death
268,2014,Natural_Death
269,2014,Alive
269,2015,Natural_Death
270,2014,Natural_Death
271,2014,Natural_Death
272,2014,Alive
272,2015,Natural_Death
273,2014,Alive
273,2015,Alive
273,2016,Alive
274,2014,Natural_Death
275,2014,Recaptured
276,2014,Alive
276,2015,Alive
276,2016,Alive
277,2014,Natural_Death
278,2014,Natural_Death
279,2014,Alive
279,2015,Natural_Death
280,2014,Alive
280,2015,Natural_Death
281,2014,Alive
281,2015,Natural_Death
282,2014,Alive
282,2015,Recaptured
283,2014,Alive
283,2015,Natural_Death
284,2014,Alive
284,2015,Natural_Death
285,2014,Natural_Death
286,2014,Natural_Death
287,2014,Natural_Death
288,2014,Alive
288,2015,Natural_Death
289,2014,Natural_Death
290,2014,Alive
290,2015,Natural_Death
291,2014,Alive
291,2015,Natural_Death
292,2014,Natural_Death
293,2014,Recaptured
294,2014,Alive
294,2015,Alive
294,2016,Natural_Death
295,2014,Alive
295,2015,Alive
295,2016,Recaptured
296,2014,Natural_Death
297,2014,Alive
297,2015,Natural_Death
298,2014,Natural_Death
299,2014,Recaptured
300,2014,Alive
300,2015,Natural_Death
301,2014,Natural_Death
302,2014,Alive
302,2015,Natural_Death
303,2014,Alive
303,2015,Natural_Death
304,2014,Natural_Death
305,2014,Natural_Death
306,2014,Natural_Death
307,2014,Natural_Death
308,2014,Natural_Death
309,2014,Natural_Death
310,2014,Natural_Death
311,2014,Alive
311,2015,Natural_Death
312,2014,Natural_Death
313,2014,Recaptured
314,2014,Natural_Death
315,2014,Recaptured
316,2014,Natural_Death
317,2014,Recaptured
318,2014,Natural_Death
319,2014,Alive
319,2015,Recaptured
320,2014,Natural_Death
321,2014,Natural_Death
322,2014,Natural_Death
323,2014,Alive
323,2015,Alive
323,2016,Recaptured
324,2014,Alive
324,2015,Natural_Death
325,2014,Alive
325,2015,Alive
325,2016,Recaptured
326,2014,Alive
326,2015,Natural_Death
327,2014,Natural_Death
328,2014,Natural_Death
329,2014,Natural_Death
330,2014,Recaptured
331,2014,Natural_Death
332,2014,Natural_Death
333,2014,Natural_Death
334,2014,Recaptured
335,2014,Natural_Death
336,2014,Recaptured
337,2014,Alive
337,2015,Recaptured
338,2014,Natural_Death
339,2014,Natural_Death
340,2014,Recaptured
341,2014,Natural_Death
342,2014,Natural_Death
343,2014,Natural_Death
344,2014,Alive
344,2015,Recaptured
345,2014,Recaptured
346,2014,Alive
346,2015,Natural_Death
347,2014,Natural_Death
348,2014,Recaptured
349,2014,Natural_Death
350,2014,Natural_Death
351,2014,Natural_Death
352,2014,Alive
352,2015,Natural_Death
353,2014,Natural_Death
354,2014,Natural_Death
355,2014,Natural_Death
356,2014,Alive
356,2015,Natural_Death
357,2014,Alive
357,2015,Natural_Death
358,2014,Recaptured
359,2014,Alive
359,2015,Alive
359,2016,Alive
360,2014,Natural_Death
361,2014,Recaptured
362,2014,Alive
362,2015,Natural_Death
363,2014,Natural_Death
364,2014,Alive
364,2015,Natural_Death
365,2014,Natural_Death
366,2014,Alive
366,2015,Alive
366,2016,Recaptured
367,2014,Recaptured
368,2014,Natural_Death
369,2014,Natural_Death
370,2014,Natural_Death
371,2014,Natural_Death
372,2014,Recaptured
373,2014,Natural_Death
374,2014,Natural_Death
375,2014,Alive
375,2015,Recaptured
376,2014,Natural_Death
377,2014,Natural_Death
378,2014,Alive
378,2015,Natural_Death
379,2014,Alive
379,2015,Natural_Death
380,2014,Natural_Death
381,2014,Natural_Death
382,2014,Alive
382,2015,Natural_Death
383,2014,Natural_Death
384,2014,Natural_Death
385,2014,Alive
385,2015,Alive
385,2016,Natural_Death
386,2014,Natural_Death
387,2014,Alive
387,2015,Natural_Death
388,2014,Natural_Death
389,2014,Natural_Death
390,2014,Natural_Death
391,2014,Natural_Death
392,2014,Alive
392,2015,Alive
392,2016,Recaptured
393,2014,Alive
393,2015,Alive
393,2016,Recaptured
394,2014,Natural_Death
395,2014,Alive
395,2015,Natural_Death
396,2014,Recaptured
397,2014,Natural_Death
398,2014,Natural_Death
399,2014,Natural_Death
400,2014,Natural_Death
401,2014,Natural_Death
402,2014,Natural_Death
403,2014,Natural_Death
404,2014,Natural_Death
405,2014,Natural_Death
406,2014,Recaptured
407,2014,Recaptured
408,2014,Recaptured
409,2014,Recaptured
410,2014,Natural_Death
411,2014,Natural_Death
412,2014,Alive
412,2015,Natural_Death
413,2014,Natural_Death
414,2014,Natural_Death
415,2014,Natural_Death
416,2014,Natural_Death
417,2014,Natural_Death
418,2014,Natural_Death
419,2014,Recaptured
420,2014,Recaptured
421,2014,Natural_Death
422,2014,Alive
422,2015,Natural_Death
423,2014,Natural_Death
424,2014,Natural_Death
425,2014,Natural_Death
426,2014,Natural_Death
427,2014,Alive
427,2015,Natural_Death
428,2014,Alive
428,2015,Recaptured
429,2014,Natural_Death
430,2014,Natural_Death
431,2014,Natural_Death
432,2014,Recaptured
433,2014,Natural_Death
434,2014,Natural_Death
435,2014,Recaptured
436,2014,Natural_Death
437,2014,Natural_Death
438,2014,Natural_Death
439,2014,Natural_Death
440,2014,Natural_Death
441,2014,Alive
441,2015,Natural_Death
442,2014,Natural_Death
443,2014,Natural_Death
444,2014,Natural_Death
445,2014,Natural_Death
446,2014,Alive
446,2015,Natural_Death
447,2014,Natural_Death
448,2014,Alive
448,2015,Alive
448,2016,Natural_Death
449,2014,Recaptured
450,2014,Natural_Death
451,2014,Natural_Death
452,2014,Natural_Death
453,2014,Natural_Death
454,2014,Natural_Death
455,2014,Natural_Death
456,2014,Natural_Death
457,2014,Alive
457,2015,Natural_Death
458,2014,Alive
458,2015,Alive
458,2016,Alive
459,2014,Alive
459,2015,Natural_Death
460,2014,Natural_Death
461,2014,Natural_Death
462,2014,Recaptured
463,2014,Natural_Death
464,2014,Natural_Death
465,2014,Alive
465,2015,Natural_Death
466,2014,Alive
466,2015,Natural_Death
467,2014,Alive
467,2015,Natural_Death
468,2014,Natural_Death
469,2014,Natural_Death
470,2014,Natural_Death
471,2014,Natural_Death
472,2014,Natural_Death
473,2014,Natural_Death
474,2014,Recaptured
475,2014,Natural_Death
476,2014,Natural_Death
477,2014,Natural_Death
478,2014,Natural_Death
479,2014,Natural_Death
480,2014,Natural_Death
481,2014,Recaptured
482,2014,Natural_Death
483,2014,Natural_Death
484,2014,Recaptured
485,2014,Natural_Death
486,2014,Alive
486,2015,Alive
486,2016,Alive
487,2014,Alive
487,2015,Recaptured
488,2014,Natural_Death
489,2014,Natural_Death
490,2014,Natural_Death
491,2014,Natural_Death
492,2014,Natural_Death
493,2014,Alive
493,2015,Alive
493,2016,Natural_Death
494,2014,Natural_Death
495,2014,Alive
495,2015,Recaptured
496,2014,Recaptured
497,2014,Natural_Death
498,2014,Natural_Death
499,2014,Natural_Death
500,2014,Recaptured
501,2014,Natural_Death
502,2014,Alive
502,2015,Alive
502,2016,Natural_Death
503,2014,Natural_Death
504,2014,Alive
504,2015,Alive
504,2016,Natural_Death
505,2014,Natural_Death
506,2014,Natural_Death
507,2014,Recaptured
508,2014,Recaptured
509,2014,Natural_Death
510,2014,Natural_Death
511,2014,Alive
511,2015,Natural_Death
512,2014,Natural_Death
513,2014,Alive
513,2015,Natural_Death
514,2014,Alive
514,2015,Recaptured
515,2014,Alive
515,2015,Natural_Death
516,2014,Natural_Death
517,2014,Recaptured
518,2014,Natural_Death
519,2014,Natural_Death
520,2014,Natural_Death
521,2014,Natural_Death
522,2014,Natural_Death
523,2014,Alive
523,2015,Natural_Death
524,2014,Natural_Death
525,2014,Natural_Death
526,2014,Natural_Death
527,2014,Recaptured
528,2014,Natural_Death
529,2014,Natural_Death
530,2014,Alive
530,2015,Natural_Death
531,2014,Alive
531,2015,Recaptured
532,2014,Natural_Death
533,2014,Natural_Death
534,2014,Natural_Death
535,2014,Natural_Death
536,2014,Recaptured
537,2014,Alive
537,2015,Alive
537,2016,Recaptured
538,2014,Natural_Death
539,2014,Recaptured
540,2014,Alive
540,2015,Natural_Death
541,2014,Natural_Death
542,2014,Natural_Death
543,2014,Recaptured
544,2014,Recaptured
545,2014,Natural_Death
546,2014,Recaptured
547,2014,Natural_Death
548,2014,Alive
548,2015,Recaptured
549,2014,Natural_Death
550,2014,Alive
550,2015,Natural_Death
551,2014,Natural_Death
552,2014,Natural_Death
553,2014,Recaptured
554,2014,Alive
554,2015,Alive
554,2016,Natural_Death
555,2014,Natural_Death
556,2014,Natural_Death
557,2014,Natural_Death
558,2014,Natural_Death
559,2014,Natural_Death
560,2014,Natural_Death
561,2014,Alive
561,2015,Natural_Death
562,2014,Alive
562,2015,Natural_Death
563,2014,Alive
563,2015,Natural_Death
564,2014,Natural_Death
565,2014,Natural_Death
566,2014,Natural_Death
567,2014,Natural_Death
568,2014,Alive
568,2015,Natural_Death
569,2014,Natural_Death
570,2014,Natural_Death
571,2014,Natural_Death
572,2014,Recaptured
573,2014,Natural_Death
574,2014,Natural_Death
575,2014,Recaptured
576,2014,Recaptured
577,2014,Natural_Death
578,2014,Natural_Death
579,2014,Natural_Death
580,2014,Natural_Death
581,2014,Recaptured
582,2014,Natural_Death
583,2014,Natural_Death
584,2014,Natural_Death
585,2014,Natural_Death
586,2014,Natural_Death
587,2014,Recaptured
588,2014,Natural_Death
589,2014,Alive
589,2015,Alive
589,2016,Recaptured
590,2014,Natural_Death
591,2014,Recaptured
592,2014,Natural_Death
593,2014,Alive
593,2015,Natural_Death
594,2014,Natural_Death
595,2014,Alive
595,2015,Alive
595,2016,Natural_Death
596,2014,Natural_Death
597,2014,Natural_Death
598,2014,Natural_Death
599,2014,Alive
599,2015,Natural_Death
600,2014,Natural_Death
601,2014,Recaptured
602,2014,Natural_Death
603,2014,Natural_Death
604,2014,Recaptured
605,2014,Natural_Death
606,2014,Natural_Death
607,2014,Natural_Death
608,2014,Natural_Death
609,2014,Natural_Death
610,2014,Natural_Death
611,2014,Recaptured
612,2014,Alive
612,2015,Natural_Death
613,2014,Recaptured
614,2014,Natural_Death
615,2014,Natural_Death
616,2014,Natural_Death
617,2014,Natural_Death
618,2014,Natural_Death
619,2014,Recaptured
620,2014,Natural_Death
621,2014,Recaptured
622,2014,Alive
622,2015,Recaptured
623,2014,Recaptured
624,2014,Alive
624,2015,Alive
624,2016,Alive
625,2014,Natural_Death
626,2014,Natural_Death
627,2014,Alive
627,2015,Natural_Death
628,2014,Natural_Death
629,2014,Natural_Death
630,2014,Natural_Death
631,2014,Alive
631,2015,Alive
631,2016,Alive
632,2014,Natural_Death
633,2014,Natural_Death
634,2014,Natural_Death
635,2014,Natural_Death
636,2014,Natural_Death
637,2014,Natural_Death
638,2014,Natural_Death
639,2014,Alive
639,2015,Alive
639,2016,Natural_Death
640,2014,Recaptured
641,2014,Recaptured
642,2014,Alive
642,2015,Natural_Death
643,2014,Natural_Death
644,2014,Natural_Death
645,2014,Natural_Death
646,2014,Natural_Death
647,2014,Alive
647,2015,Alive
647,2016,Alive
648,2014,Natural_Death
649,2014,Natural_Death
650,2014,Recaptured
651,2014,Alive
651,2015,Alive
651,2016,Natural_Death
652,2014,Alive
652,2015,Natural_Death
653,2014,Natural_Death
654,2014,Alive
654,2015,Natural_Death
655,2014,Natural_Death
656,2014,Recaptured
657,2014,Natural_Death
658,2014,Natural_Death
659,2014,Alive
659,2015,Natural_Death
660,2014,Natural_Death
661,2014,Natural_Death
662,2014,Recaptured
663,2014,Natural_Death
664,2014,Alive
664,2015,Alive
664,2016,Natural_Death
665,2014,Recaptured
666,2014,Recaptured
667,2014,Natural_Death
668,2014,Natural_Death
669,2014,Natural_Death
670,2014,Alive
670,2015,Natural_Death
671,2014,Alive
671,2015,Natural_Death
672,2014,Natural_Death
673,2014,Natural_Death
674,2014,Natural_Death
675,2014,Natural_Death
676,2014,Recaptured
677,2014,Natural_Death
678,2014,Natural_Death
679,2014,Recaptured
680,2014,Natural_Death
681,2014,Natural_Death
682,2014,Alive
682,2015,Natural_Death
683,2014,Alive
683,2015,Recaptured
684,2014,Natural_Death
685,2014,Natural_Death
686,2014,Natural_Death
687,2014,Natural_Death
688,2014,Natural_Death
689,2014,Natural_Death
690,2014,Alive
690,2015,Alive
690,2016,Natural_Death
691,2014,Natural_Death
692,2014,Natural_Death
693,2014,Alive
693,2015,Alive
693,2016,Natural_Death
694,2014,Recaptured
695,2014,Natural_Death
696,2014,Recaptured
697,2014,Natural_Death
698,2014,Recaptured
699,2014,Alive
699,2015,Natural_Death
700,2014,Recaptured
701,2014,Natural_Death
702,2014,Recaptured
703,2014,Alive
703,2015,Alive
703,2016,Natural_Death
704,2014,Recaptured
705,2014,Natural_Death
706,2014,Natural_Death
707,2014,Alive
707,2015,Natural_Death
708,2014,Natural_Death
709,2014,Natural_Death
710,2014,Natural_Death
711,2014,Recaptured
712,2014,Natural_Death
713,2014,Natural_Death
714,2014,Natural_Death
715,2014,Natural_Death
716,2014,Recaptured
717,2014,Natural_Death
718,2014,Alive
718,2015,Natural_Death
719,2014,Natural_Death
720,2014,Natural_Death
721,2014,Natural_Death
722,2014,Natural_Death
723,2014,Alive
723,2015,Natural_Death
724,2014,Recaptured
725,2014,Alive
725,2015,Natural_Death
726,2014,Natural_Death
727,2014,Natural_Death
728,2014,Natural_Death
729,2014,Alive
729,2015,Natural_Death
730,2014,Natural_Death
731,2014,Alive
731,2015,Recaptured
732,2014,Natural_Death
733,2014,Recaptured
734,2014,Natural_Death
735,2014,Natural_Death
736,2014,Natural_Death
737,2014,Alive
737,2015,Natural_Death
738,2014,Natural_Death
739,2014,Natural_Death
740,2014,Natural_Death
741,2014,Recaptured
742,2014,Alive
742,2015,Natural_Death
743,2014,Natural_Death
744,2014,Natural_Death
745,2014,Natural_Death
746,2014,Natural_Death
747,2014,Natural_Death
748,2014,Natural_Death
749,2014,Natural_Death
750,2014,Natural_Death
751,2014,Natural_Death
752,2014,Natural_Death
753,2014,Natural_Death
754,2014,Alive
754,2015,Natural_Death
755,2014,Recaptured
756,2014,Natural_Death
757,2014,Natural_Death
758,2014,Natural_Death
759,2014,Alive
759,2015,Recaptured
760,2014,Natural_Death
761,2014,Natural_Death
762,2014,Natural_Death
763,2014,Natural_Death
764,2014,Recaptured
765,2014,Natural_Death
766,2014,Natural_Death
767,2014,Recaptured
768,2014,Recaptured
769,2014,Alive
769,2015,Alive
769,2016,Alive
770,2014,Alive
770,2015,Natural_Death
771,2014,Alive
771,2015,Natural_Death
772,2014,Recaptured
773,2014,Natural_Death
774,2014,Natural_Death
775,2014,Natural_Death
776,2014,Natural_Death
777,2014,Natural_Death
778,2014,Natural_Death
779,2014,Recaptured
780,2014,Recaptured
781,2014,Natural_Death
782,2014,Alive
782,2015,Natural_Death
783,2014,Alive
783,2015,Recaptured
784,2014,Natural_Death
785,2014,Natural_Death
786,2014,Alive
786,2015,Alive
786,2016,Natural_Death
787,2014,Natural_Death
788,2014,Natural_Death
789,2014,Natural_Death
790,2014,Alive
790,2015,Alive
790,2016,Natural_Death
791,2014,Natural_Death
792,2014,Recaptured
793,2014,Recaptured
794,2014,Natural_Death
795,2014,Natural_Death
796,2014,Natural_Death
797,2014,Alive
797,2015,Natural_Death
798,2014,Natural_Death
799,2014,Alive
799,2015,Natural_Death
800,2014,Natural_Death
801,2014,Natural_Death
802,2014,Alive
802,2015,Natural_Death
803,2014,Alive
803,2015,Recaptured
804,2014,Recaptured
805,2014,Natural_Death
806,2014,Alive
806,2015,Natural_Death
807,2014,Alive
807,2015,Natural_Death
808,2014,Recaptured
809,2014,Natural_Death
810,2014,Natural_Death
811,2014,Alive
811,2015,Natural_Death
812,2014,Natural_Death
813,2014,Alive
813,2015,Alive
813,2016,Natural_Death
814,2014,Natural_Death
815,2014,Natural_Death
816,2014,Alive
816,2015,Natural_Death
817,2014,Natural_Death
818,2014,Alive
818,2015,Recaptured
819,2014,Alive
819,2015,Natural_Death
820,2014,Natural_Death
821,2014,Alive
821,2015,Natural_Death
822,2014,Natural_Death
823,2014,Natural_Death
824,2014,Natural_Death
825,2014,Natural_Death
826,2014,Recaptured
827,2014,Natural_Death
828,2014,Natural_Death
829,2014,Alive
829,2015,Alive
829,2016,Natural_Death
830,2014,Natural_Death
831,2014,Natural_Death
832,2014,Natural_Death
833,2014,Natural_Death
834,2014,Recaptured
835,2014,Natural_Death
836,2014,Recaptured
837,2014,Recaptured
838,2014,Natural_Death
839,2014,Natural_Death
840,2014,Alive
840,2015,Natural_Death
841,2014,Natural_Death
842,2014,Natural_Death
843,2014,Natural_Death
844,2014,Alive
844,2015,Alive
844,2016,Alive
845,2014,Natural_Death
846,2014,Recaptured
847,2014,Recaptured
848,2014,Natural_Death
849,2014,Natural_Death
850,2014,Natural_Death
851,2014,Alive
851,2015,Natural_Death
852,2014,Alive
852,2015,Natural_Death
853,2014,Natural_Death
854,2014,Natural_Death
855,2014,Natural_Death
856,2014,Natural_Death
857,2014,Alive
857,2015,Alive
857,2016,Natural_Death
858,2014,Alive
858,2015,Natural_Death
859,2014,Natural_Death
860,2014,Natural_Death
861,2014,Natural_Death
862,2014,Recaptured
863,2014,Alive
863,2015,Alive
863,2016,Recaptured
864,2014,Natural_Death
865,2014,Natural_Death
866,2014,Natural_Death
867,2014,Natural_Death
868,2014,Recaptured
869,2014,Natural_Death
870,2014,Natural_Death
871,2014,Natural_Death
872,2014,Alive
872,2015,Natural_Death
873,2014,Alive
873,2015,Natural_Death
874,2014,Natural_Death
875,2014,Natural_Death
876,2014,Alive
876,2015,Natural_Death
877,2014,Natural_Death
878,2014,Natural_Death
879,2014,Natural_Death
880,2014,Alive
880,2015,Recaptured
881,2014,Natural_Death
882,2014,Natural_Death
883,2014,Natural_Death
884,2014,Natural_Death
885,2014,Recaptured
886,2014,Natural_Death
887,2014,Recaptured
888,2014,Natural_Death
889,2014,Natural_Death
890,2014,Natural_Death
891,2014,Alive
891,2015,Recaptured
892,2014,Recaptured
893,2014,Recaptured
894,2014,Natural_Death
895,2014,Natural_Death
896,2014,Natural_Death
897,2014,Alive
897,2015,Recaptured
898,2014,Natural_Death
899,2014,Natural_Death
900,2014,Natural_Death
901,2014,Recaptured
902,2014,Natural_Death
903,2014,Natural_Death
904,2014,Natural_Death
905,2014,Natural_Death
906,2014,Natural_Death
907,2014,Natural_Death
908,2014,Recaptured
909,2014,Natural_Death
910,2014,Recaptured
911,2014,Natural_Death
912,2014,Alive
912,2015,Natural_Death
913,2014,Recaptured
914,2014,Natural_Death
915,2014,Natural_Death
916,2014,Natural_Death
917,2014,Natural_Death
918,2014,Natural_Death
919,2014,Natural_Death
920,2014,Natural_Death
921,2014,Natural_Death
922,2014,Alive
922,2015,Alive
922,2016,Natural_Death
923,2014,Alive
923,2015,Alive
923,2016,Natural_Death
924,2014,Natural_Death
925,2014,Natural_Death
926,2014,Alive
926,2015,Natural_Death
927,2014,Natural_Death
928,2014,Natural_Death
929,2014,Alive
929,2015,Natural_Death
930,2014,Natural_Death
931,2014,Natural_Death
932,2014,Natural_Death
933,2014,Natural_Death
934,2014,Recaptured
935,2014,Natural_Death
936,2014,Recaptured
937,2014,Natural_Death
938,2014,Natural_Death
939,2014,Recaptured
940,2014,Natural_Death
941,2014,Natural_Death
942,2014,Natural_Death
943,2014,Natural_Death
944,2014,Natural_Death
945,2014,Recaptured
946,2014,Recaptured
947,2014,Natural_Death
948,2014,Alive
948,2015,Alive
948,2016,Alive
949,2014,Natural_Death
950,2014,Natural_Death
951,2014,Natural_Death
952,2014,Natural_Death
953,2014,Natural_Death
954,2014,Natural_Death
955,2014,Natural_Death
956,2014,Natural_Death
957,2014,Recaptured
958,2014,Recaptured
959,2014,Alive
959,2015,Natural_Death
960,2014,Natural_Death
961,2014,Natural_Death
962,2014,Natural_Death
963,2014,Natural_Death
964,2014,Natural_Death
965,2014,Natural_Death
966,2014,Natural_Death
967,2014,Natural_Death
968,2014,Alive
968,2015,Natural_Death
969,2014,Natural_Death
970,2014,Alive
970,2015,Alive
970,2016,Alive
971,2014,Natural_Death
972,2014,Natural_Death
973,2014,Natural_Death
974,2014,Natural_Death
975,2014,Recaptured
976,2014,Natural_Death
977,2014,Natural_Death
978,2014,Natural_Death
979,2014,Natural_Death
980,2014,Natural_Death
981,2014,Natural_Death
982,2014,Recaptured
983,2014,Natural_Death
984,2014,Natural_Death
985,2014,Alive
985,2015,Natural_Death
986,2014,Natural_Death
987,2014,Alive
987,2015,Natural_Death
988,2014,Natural_Death
989,2014,Recaptured
990,2014,Natural_Death
991,2014,Alive
991,2015,Alive
991,2016,Natural_Death
992,2014,Recaptured
993,2014,Natural_Death
994,2014,Natural_Death
995,2014,Natural_Death
996,2014,Natural_Death
997,2014,Natural_Death
998,2014,Alive
998,2015,Recaptured
999,2014,Natural_Death
1000,2014,Recaptured
1001,2014,Natural_Death
1002,2014,Alive
1002,2015,Natural_Death
1003,2014,Alive
1003,2015,Natural_Death
1004,2014,Recaptured
1005,2014,Natural_Death
1006,2014,Recaptured
1007,2014,Natural_Death
1008,2014,Natural_Death
1009,2014,Alive
1009,2015,Alive
1009,2016,Natural_Death
1010,2014,Alive
1010,2015,Alive
1010,2016,Natural_Death
1011,2014,Natural_Death
1012,2014,Alive
1012,2015,Alive
1012,2016,Natural_Death
1013,2014,Natural_Death
1014,2014,Alive
1014,2015,Alive
1014,2016,Recaptured
1015,2014,Natural_Death
1016,2014,Natural_Death
1017,2014,Alive
1017,2015,Recaptured
1018,2014,Natural_Death
1019,2014,Natural_Death
1020,2014,Alive
1020,2015,Recaptured
1021,2014,Recaptured
1022,2014,Natural_Death
1023,2014,Natural_Death
1024,2014,Natural_Death
1025,2014,Natural_Death
1026,2014,Alive
1026,2015,Natural_Death
1027,2014,Natural_Death
1028,2014,Recaptured
1029,2014,Natural_Death
1030,2014,Natural_Death
1031,2014,Natural_Death
1032,2014,Recaptured
1033,2014,Natural_Death
1034,2014,Recaptured
1035,2014,Natural_Death
1036,2014,Natural_Death
1037,2014,Recaptured
1038,2014,Natural_Death
1039,2014,Natural_Death
1040,2014,Natural_Death
1041,2014,Alive
1041,2015,Natural_Death
1042,2014,Alive
1042,2015,Natural_Death
1043,2014,Alive
1043,2015,Natural_Death
1044,2014,Natural_Death
1045,2014,Natural_Death
1046,2014,Natural_Death
1047,2014,Natural_Death
1048,2014,Alive
1048,2015,Alive
1048,2016,Recaptured
1049,2014,Recaptured
1050,2014,Recaptured
1051,2014,Natural_Death
1052,2014,Natural_Death
1053,2014,Alive
1053,2015,Natural_Death
1054,2014,Natural_Death
1055,2014,Natural_Death
1056,2014,Natural_Death
1057,2014,Recaptured
1058,2014,Natural_Death
1059,2014,Recaptured
1060,2014,Recaptured
1061,2014,Natural_Death
1062,2014,Recaptured
1063,2014,Recaptured
1064,2014,Natural_Death
1065,2014,Natural_Death
1066,2014,Natural_Death
1067,2014,Natural_Death
1068,2014,Natural_Death
1069,2014,Recaptured
1070,2014,Alive
1070,2015,Natural_Death
1071,2014,Alive
1071,2015,Natural_Death
1072,2014,Natural_Death
1073,2014,Natural_Death
1074,2014,Natural_Death
1075,2014,Recaptured
1076,2014,Natural_Death
1077,2014,Natural_Death
1078,2014,Natural_Death
1079,2014,Natural_Death
1080,2014,Recaptured
1081,2014,Natural_Death
1082,2014,Natural_Death
1083,2014,Natural_Death
1084,2014,Recaptured
1085,2014,Natural_Death
1086,2014,Alive
1086,2015,Natural_Death
1087,2014,Natural_Death
1088,2014,Recaptured
1089,2014,Natural_Death
1090,2014,Natural_Death
1091,2014,Recaptured
1092,2014,Natural_Death
1093,2014,Alive
1093,2015,Natural_Death
1094,2014,Natural_Death
1095,2014,Natural_Death
1096,2014,Natural_Death
1097,2014,Natural_Death
1098,2014,Natural_Death
1099,2014,Natural_Death
1100,2014,Alive
1100,2015,Natural_Death
1101,2014,Natural_Death
1102,2014,Natural_Death
1103,2014,Natural_Death
1104,2014,Natural_Death
1105,2014,Natural_Death
1106,2014,Alive
1106,2015,Natural_Death
1107,2014,Natural_Death
1108,2014,Natural_Death
1109,2014,Recaptured
1110,2014,Natural_Death
1111,2014,Natural_Death
1112,2014,Alive
1112,2015,Natural_Death
1113,2014,Natural_Death
1114,2014,Natural_Death
1115,2014,Recaptured
1116,2014,Natural_Death
1117,2014,Natural_Death
1118,2014,Natural_Death
1119,2014,Natural_Death
1120,2014,Natural_Death
1121,2014,Natural_Death
1122,2014,Natural_Death
1123,2014,Natural_Death
1124,2014,Natural_Death
1125,2014,Alive
1125,2015,Alive
1125,2016,Recaptured
1126,2014,Recaptured
1127,2014,Natural_Death
1128,2014,Natural_Death
1129,2014,Natural_Death
1130,2014,Natural_Death
1131,2014,Recaptured
1132,2014,Natural_Death
1133,2014,Natural_Death
1134,2014,Natural_Death
1135,2014,Natural_Death
1136,2014,Natural_Death
1137,2014,Alive
1137,2015,Recaptured
1138,2014,Alive
1138,2015,Natural_Death
1139,2014,Natural_Death
1140,2014,Alive
1140,2015,Natural_Death
1141,2014,Alive
1141,2015,Natural_Death
1142,2014,Natural_Death
1143,2014,Alive
1143,2015,Recaptured
1144,2014,Natural_Death
1145,2014,Natural_Death
1146,2014,Recaptured
1147,2014,Recaptured
1148,2014,Natural_Death
1149,2014,Alive
1149,2015,Natural_Death
1150,2014,Natural_Death
1151,2014,Alive
1151,2015,Natural_Death
1152,2014,Natural_Death
1153,2014,Natural_Death
1154,2014,Natural_Death
1155,2014,Natural_Death
1156,2014,Alive
1156,2015,Natural_Death
1157,2014,Natural_Death
1158,2014,Natural_Death
1159,2014,Alive
1159,2015,Alive
1159,2016,Natural_Death
1160,2014,Natural_Death
1161,2014,Natural_Death
1162,2014,Natural_Death
1163,2014,Natural_Death
1164,2014,Natural_Death
1165,2014,Natural_Death
1166,2014,Alive
1166,2015,Recaptured
1167,2014,Alive
1167,2015,Natural_Death
1168,2014,Natural_Death
1169,2014,Natural_Death
1170,2014,Natural_Death
1171,2014,Natural_Death
1172,2014,Natural_Death
1173,2014,Natural_Death
1174,2014,Natural_Death
1175,2014,Natural_Death
1176,2014,Natural_Death
1177,2014,Natural_Death
1178,2014,Alive
1178,2015,Natural_Death
1179,2014,Alive
1179,2015,Natural_Death
1180,2014,Alive
1180,2015,Recaptured
1181,2014,Alive
1181,2015,Natural_Death
1182,2014,Alive
1182,2015,Natural_Death
1183,2014,Natural_Death
1184,2014,Natural_Death
1185,2014,Natural_Death
1186,2014,Recaptured
1187,2014,Natural_Death
1188,2014,Natural_Death
1189,2014,Alive
1189,2015,Alive
1189,2016,Natural_Death
1190,2014,Recaptured
1191,2014,Natural_Death
1192,2014,Natural_Death
1193,2014,Alive
1193,2015,Natural_Death
1194,2014,Recaptured
1195,2014,Natural_Death
1196,2014,Alive
1196,2015,Alive
1196,2016,Recaptured
1197,2014,Natural_Death
1198,2014,Natural_Death
1199,2014,Natural_Death
1200,2014,Alive
1200,2015,Recaptured
1201,2014,Natural_Death
1202,2014,Natural_Death
1203,2014,Alive
1203,2015,Recaptured
1204,2014,Natural_Death
1205,2014,Natural_Death
1206,2014,Alive
1206,2015,Alive
1206,2016,Natural_Death
1207,2014,Recaptured
1208,2014,Natural_Death
1209,2014,Natural_Death
1210,2014,Alive
1210,2015,Natural_Death
1211,2014,Alive
1211,2015,Natural_Death
1212,2014,Natural_Death
1213,2014,Natural_Death
1214,2014,Natural_Death
1215,2014,Natural_Death
1216,2014,Alive
1216,2015,Natural_Death
1217,2014,Alive
1217,2015,Alive
1217,2016,Natural_Death
1218,2014,Alive
1218,2015,Natural_Death
1219,2014,Natural_Death
1220,2014,Natural_Death
1221,2014,Natural_Death
1222,2014,Alive
1222,2015,Natural_Death
1223,2014,Recaptured
1224,2014,Recaptured
1225,2014,Alive
1225,2015,Natural_Death
1226,2014,Natural_Death
1227,2014,Natural_Death
1228,2014,Natural_Death
1229,2014,Natural_Death
1230,2014,Alive
1230,2015,Natural_Death
1231,2014,Natural_Death
1232,2014,Natural_Death
1233,2014,Natural_Death
1234,2014,Recaptured
1235,2014,Natural_Death
1236,2014,Natural_Death
1237,2014,Natural_Death
1238,2014,Natural_Death
1239,2014,Natural_Death
1240,2014,Natural_Death
1241,2014,Natural_Death
1242,2014,Natural_Death
1243,2014,Alive
1243,2015,Alive
1243,2016,Natural_Death
1244,2014,Natural_Death
1245,2014,Natural_Death
1246,2014,Recaptured
1247,2014,Recaptured
1248,2014,Natural_Death
1249,2014,Natural_Death
1250,2014,Recaptured
1251,2014,Recaptured
1252,2014,Natural_Death
1253,2014,Recaptured
1254,2014,Natural_Death
1255,2014,Alive
1255,2015,Natural_Death
1256,2014,Alive
1256,2015,Natural_Death
1257,2014,Recaptured
1258,2014,Natural_Death
1259,2014,Alive
1259,2015,Natural_Death
1260,2014,Natural_Death
1261,2014,Natural_Death
1262,2014,Alive
1262,2015,Alive
1262,2016,Recaptured
1263,2014,Recaptured
1264,2014,Natural_Death
1265,2014,Natural_Death
1266,2014,Recaptured
1267,2014,Alive
1267,2015,Recaptured
1268,2014,Recaptured
1269,2014,Natural_Death
1270,2014,Recaptured
1271,2014,Natural_Death
1272,2014,Alive
1272,2015,Natural_Death
1273,2014,Natural_Death
1274,2014,Natural_Death
1275,2014,Natural_Death
1276,2014,Natural_Death
1277,2014,Natural_Death
1278,2014,Natural_Death
1279,2014,Natural_Death
1280,2014,Recaptured
1281,2014,Natural_Death
1282,2014,Natural_Death
1283,2014,Alive
1283,2015,Natural_Death
1284,2014,Natural_Death
1285,2014,Natural_Death
1286,2014,Natural_Death
1287,2014,Recaptured
1288,2014,Natural_Death
1289,2014,Natural_Death
1290,2014,Natural_Death
1291,2014,Alive
1291,2015,Natural_Death
1292,2014,Natural_Death
1293,2014,Natural_Death
1294,2014,Natural_Death
1295,2014,Natural_Death
1296,2014,Alive
1296,2015,Natural_Death
1297,2014,Natural_Death
1298,2014,Natural_Death
1299,2014,Natural_Death
1300,2014,Natural_Death
1301,2014,Natural_Death
1302,2014,Recaptured
1303,2014,Natural_Death
1304,2014,Natural_Death
1305,2014,Natural_Death
1306,2014,Natural_Death
1307,2014,Alive
1307,2015,Natural_Death
1308,2014,Natural_Death
1309,2014,Natural_Death
1310,2014,Natural_Death
1311,2014,Natural_Death
1312,2014,Natural_Death
1313,2014,Alive
1313,2015,Natural_Death
1314,2014,Recaptured
1315,2014,Natural_Death
1316,2014,Natural_Death
1317,2014,Natural_Death
1318,2014,Natural_Death
1319,2014,Natural_Death
1320,2014,Natural_Death
1321,2014,Recaptured
1322,2014,Recaptured
1323,2014,Alive
1323,2015,Natural_Death
1324,2014,Recaptured
1325,2014,Natural_Death
1326,2014,Natural_Death
1327,2014,Natural_Death
1328,2014,Natural_Death
1329,2014,Natural_Death
1330,2014,Recaptured
1331,2014,Alive
1331,2015,Alive
1331,2016,Alive
1332,2014,Natural_Death
1333,2014,Natural_Death
1334,2014,Alive
1334,2015,Natural_Death
1335,2014,Recaptured
1336,2014,Alive
1336,2015,Alive
1336,2016,Alive
1337,2014,Alive
1337,2015,Natural_Death
1338,2014,Natural_Death
1339,2014,Natural_Death
1340,2014,Alive
1340,2015,Recaptured
1341,2014,Natural_Death
1342,2014,Natural_Death
1343,2014,Natural_Death
1344,2014,Recaptured
1345,2014,Natural_Death
1346,2014,Recaptured
1347,2014,Natural_Death
1348,2014,Alive
1348,2015,Recaptured
1349,2014,Natural_Death
1350,2014,Natural_Death
1351,2014,Natural_Death
1352,2014,Natural_Death
1353,2014,Natural_Death
1354,2014,Natural_Death
1355,2014,Natural_Death
1356,2014,Natural_Death
1357,2014,Alive
1357,2015,Natural_Death
1358,2014,Alive
1358,2015,Alive
1358,2016,Natural_Death
1359,2014,Natural_Death
1360,2014,Natural_Death
1361,2014,Natural_Death
1362,2014,Natural_Death
1363,2014,Natural_Death
1364,2014,Natural_Death
1365,2014,Natural_Death
1366,2014,Recaptured
1367,2014,Natural_Death
1368,2014,Alive
1368,2015,Natural_Death
1369,2014,Natural_Death
1370,2014,Alive
1370,2015,Natural_Death
1371,2014,Natural_Death
1372,2014,Natural_Death
1373,2014,Natural_Death
1374,2014,Alive
1374,2015,Alive
1374,2016,Natural_Death
1375,2014,Recaptured
1376,2014,Alive
1376,2015,Alive
1376,2016,Natural_Death
1377,2014,Natural_Death
1378,2014,Natural_Death
1379,2014,Alive
1379,2015,Alive
1379,2016,Natural_Death
1380,2014,Natural_Death
1381,2014,Natural_Death
1382,2014,Natural_Death
1383,2014,Recaptured
1384,2014,Natural_Death
1385,2014,Natural_Death
1386,2014,Recaptured
1387,2014,Recaptured
1388,2014,Alive
1388,2015,Recaptured
1389,2014,Recaptured
1390,2014,Natural_Death
1391,2014,Natural_Death
1392,2014,Alive
1392,2015,Recaptured
1393,2014,Recaptured
1394,2014,Recaptured
1395,2014,Natural_Death
1396,2014,Alive
1396,2015,Recaptured
1397,2014,Natural_Death
1398,2014,Alive
1398,2015,Alive
1398,2016,Natural_Death
1399,2014,Natural_Death
1400,2014,Alive
1400,2015,Alive
1400,2016,Alive
1401,2014,Alive
1401,2015,Alive
1401,2016,Natural_Death
1402,2014,Natural_Death
1403,2014,Natural_Death
1404,2014,Alive
1404,2015,Natural_Death
1405,2014,Natural_Death
1406,2014,Alive
1406,2015,Natural_Death
1407,2014,Natural_Death
1408,2014,Alive
1408,2015,Natural_Death
1409,2014,Natural_Death
